{
    "intents": [
        {
            "tag": "greeting",
            "patterns": [
                "hi",
                "how are you",
                "is anyone there",
                "hello",
                "good day",
                "whats up",
                "good morning",
                "good evening",
                "hello",
                "hey",
                "whats up"
            ],
            "responses": [
                "hello",
                "good to see you",
                "hi there how can i help"
            ]
        },
        {
            "tag": "goodbye",
            "patterns": [
                "cya",
                "see you later",
                "goodbye",
                "i am leaving",
                "have a good day",
                "bye",
                "i have to go",
                "gotta go"
            ],
            "responses": [
                "sad to see you go ",
                "talk to you later",
                "goodbye"
            ]
        },
        {
            "tag": "age",
            "patterns": [
                "how old",
                "how old are you",
                "what is your age",
                "age"
            ],
            "responses": [
                "i am old and wise",
                "trying to stay fit and young"
            ]
        },
        {
            "tag": "name",
            "patterns": [
                "what is your name",
                "what should i call you",
                "whats your name",
                "who are you"
            ],
            "responses": [
                "you can call me sally",
                "im sally",
                "im sally"
            ]
        },
        {
            "tag": "help",
            "patterns": [
                "id like to ask something",
                "what can you do",
                "can you help me",
                "can i tell you something"
            ],
            "responses": [
                "im here to help you",
                "i can help you with whatever you tell me to"
            ]
        },
        {
            "tag": "weather",
            "patterns": [
                "whats the weather like today",
                "will it rain today",
                "tell me the weather forecast",
                "weather update",
                "hows the weather"
            ],
            "responses": [
                "im sorry i dont have access to realtime weather information"
            ]
        },
        {
            "tag": "joke",
            "patterns": [
                "tell me a joke",
                "do you know any jokes",
                "make me laugh"
            ],
            "responses": [
                "why dont scientists trust atoms because they make up everything",
                "i used to play piano by ear but now i use my hands",
                "why did the scarecrow win an award because he was outstanding in his field"
            ]
        },
        {
            "tag": "meaningoflife",
            "patterns": [
                "what is the meaning of life",
                "why are we here",
                "whats the purpose of our existence"
            ],
            "responses": [
                "the meaning of life is subjective and can vary for each individual what do you think gives life meaning"
            ]
        },
        {
            "tag": "favoritecolor",
            "patterns": [
                "whats your favorite color",
                "do you have a favorite color",
                "which color do you like the most"
            ],
            "responses": [
                "im an ai so i dont have preferences or the ability to see colors but im happy to discuss colors with you"
            ]
        },
        {
            "tag": "musicrecommendation",
            "patterns": [
                "can you recommend some music",
                "whats a good song to listen to",
                "i need music suggestions"
            ],
            "responses": [
                "what genre of music are you in the mood for"
            ]
        },
        {
            "tag": "meaningoflove",
            "patterns": [
                "what is love",
                "how do you define love",
                "tell me about love"
            ],
            "responses": [
                "love is a complex and multifaceted emotion it can be described as a deep affection and care for someone or something"
            ]
        },
        {
            "tag": "movierecommendation",
            "patterns": [
                "can you recommend a good movie",
                "whats a popular movie right now",
                "i want to watch a movie any suggestions"
            ],
            "responses": [
                "sure what genre of movies do you enjoy"
            ]
        },
        {
            "tag": "hobby",
            "patterns": [
                "what hobbies do you have",
                "do you have any interests",
                "how do you spend your free time"
            ],
            "responses": [
                "as an ai i dont have physical hobbies but i love learning and helping people"
            ]
        },
        {
            "tag": "favoritebook",
            "patterns": [
                "do you have a favorite book",
                "what book do you recommend",
                "any good book suggestions"
            ],
            "responses": [
                "i dont have personal preferences but some popular books are 1984 by george orwell and to kill a mockingbird by harper lee"
            ]
        },
        {
            "tag": "foodrecommendation",
            "patterns": [
                "im hungry what should i eat",
                "can you recommend a good restaurant",
                "any food suggestions"
            ],
            "responses": [
                "what type of cuisine are you in the mood for"
            ]
        },
        {
            "tag": "meaningofsuccess",
            "patterns": [
                "how do you define success",
                "what is the meaning of success",
                "what does it mean to be successful"
            ],
            "responses": [
                "success can be defined in various ways but it often refers to the achievement of goals or the fulfillment of ones desires"
            ]
        },
        {
            "tag": "bookrecommendation",
            "patterns": [
                "can you recommend a good book to read",
                "i need a book suggestion",
                "any book recommendations"
            ],
            "responses": [
                "certainly what genre of books are you interested in"
            ]
        },
        {
            "tag": "technology",
            "patterns": [
                "whats the latest technology news",
                "tell me about the latest gadgets",
                "any tech updates"
            ],
            "responses": [
                "im sorry i dont have access to realtime news or updates however you can check online technology news websites for the latest information"
            ]
        },
        {
            "tag": "travelrecommendation",
            "patterns": [
                "i want to plan a vacation any recommendations",
                "where should i go for my next trip",
                "suggest a travel destination"
            ],
            "responses": [
                "sure what kind of travel experience are you looking for adventure relaxation culture or something else"
            ]
        },
        {
            "tag": "sports",
            "patterns": [
                "whats your favorite sport",
                "do you like sports",
                "tell me about popular sports"
            ],
            "responses": [
                "as an ai i dont have personal preferences however some popular sports include football soccer basketball tennis and cricket"
            ]
        },
        {
            "tag": "careeradvice",
            "patterns": [
                "can you give me some career advice",
                "how can i advance in my career",
                "what skills are in demand"
            ],
            "responses": [
                "career paths and advice can vary greatly depending on individual interests and industries its best to research specific careers or seek guidance from professionals in your field of interest"
            ]
        },
        {
            "tag": "personalgrowth",
            "patterns": [
                "how can i grow personally",
                "what are some tips for personal development",
                "how can i improve myself"
            ],
            "responses": [
                "personal growth can be achieved through various means such as learning new skills setting goals practicing selfcare and seeking knowledge and experiences that challenge you"
            ]
        },
        {
            "tag": "petrecommendation",
            "patterns": [
                "should i get a pet",
                "what pet should i get",
                "do you recommend having a pet"
            ],
            "responses": [
                "owning a pet can be a rewarding experience but its important to consider factors like time resources and commitment required to properly care for a pet research different pet options and choose one that fits your lifestyle and preferences"
            ]
        },
        {
            "tag": "technologyrecommendation",
            "patterns": [
                "whats the best smartphone",
                "can you recommend a good laptop",
                "any suggestions for tech gadgets"
            ],
            "responses": [
                "the best technology can vary depending on individual needs preferences and budget its a good idea to research different options read reviews and consider your specific requirements before making a decision"
            ]
        },
        {
            "tag": "mathematics",
            "patterns": [
                "tell me about mathematics",
                "what are the branches of mathematics",
                "how is math used in everyday life"
            ],
            "responses": [
                "mathematics is the study of numbers quantity structure space and change it has various branches including algebra geometry calculus statistics and more math is used in many aspects of everyday life such as budgeting measuring problemsolving and understanding patterns"
            ]
        },
        {
            "tag": "algebra",
            "patterns": [
                "what is algebra",
                "how does algebra work",
                "tell me about algebraic equations"
            ],
            "responses": [
                "algebra is a branch of mathematics that deals with symbols and the rules for manipulating these symbols to solve equations and understand relationships between quantities it involves variables constants operations and equations algebraic equations are expressions that equate two algebraic expressions often involving unknown variables"
            ]
        },
        {
            "tag": "geometry",
            "patterns": [
                "tell me about geometry",
                "what are geometric shapes",
                "how is geometry used in real life"
            ],
            "responses": [
                "geometry is a branch of mathematics that studies shapes sizes properties and relationships of points lines angles surfaces and solids geometric shapes include polygons circles spheres cubes and more geometry is used in various reallife applications such as architecture engineering art and navigation"
            ]
        },
        {
            "tag": "calculus",
            "patterns": [
                "what is calculus",
                "how does calculus work",
                "tell me about differentiation and integration"
            ],
            "responses": [
                "calculus is a branch of mathematics that focuses on change and motion it involves two main concepts differentiation and integration differentiation deals with rates of change and slopes while integration deals with accumulation and finding areas under curves calculus is widely used in physics engineering economics and other fields"
            ]
        },
        {
            "tag": "statistics",
            "patterns": [
                "tell me about statistics",
                "what is statistical analysis",
                "how is statistics used in research"
            ],
            "responses": [
                "statistics is a branch of mathematics that deals with the collection analysis interpretation presentation and organization of data it involves techniques for summarizing and making inferences from data statistical analysis is used in research to identify trends patterns correlations and to draw conclusions from data"
            ]
        },
        {
            "tag": "probability",
            "patterns": [
                "what is probability",
                "how does probability work",
                "tell me about probability distributions"
            ],
            "responses": [
                "probability is a branch of mathematics that deals with the likelihood of events occurring it quantifies uncertainty and enables predictions based on available information probability distributions describe the likelihood of different outcomes in a given scenario probability is used in various fields including statistics gambling risk assessment and decisionmaking"
            ]
        },
        {
            "tag": "numbertheory",
            "patterns": [
                "what is number theory",
                "tell me about prime numbers",
                "how are numbers classified"
            ],
            "responses": [
                "number theory is a branch of mathematics that studies properties and relationships of numbers particularly integers prime numbers are a central focus of number theory and are numbers that have exactly two distinct positive divisors 1 and the number itself numbers can be classified into different categories such as prime numbers composite numbers rational numbers irrational numbers and more"
            ]
        },
        {
            "tag": "linearalgebra",
            "patterns": [
                "tell me about linear algebra",
                "what are matrices and vectors",
                "how is linear algebra used in computer graphics"
            ],
            "responses": [
                "linear algebra is a branch of mathematics that deals with vector spaces and linear transformations between them matrices and vectors are fundamental concepts in linear algebra matrices are rectangular arrays of numbers and vectors are objects that represent magnitude and direction linear algebra is used in computer graphics for tasks like 3d transformations rendering and simulations"
            ]
        },
        {
            "tag": "mathematicallogic",
            "patterns": [
                "what is mathematical logic",
                "tell me about propositional logic",
                "how is logic used in computer science"
            ],
            "responses": [
                "mathematical logic is a branch of mathematics that studies formal systems and logical reasoning propositional logic is a fundamental part of mathematical logic that deals with logical relationships between propositions using logical operators like and or and not logic is extensively used in computer science for tasks like programming algorithm design and verification of system correctness"
            ]
        },
        {
            "tag": "gametheory",
            "patterns": [
                "tell me about game theory",
                "what is the prisoners dilemma",
                "how is game theory applied in economics"
            ],
            "responses": [
                "game theory is a branch of mathematics that studies strategic decisionmaking in situations involving multiple participants or players it examines the choices made by individuals and the resulting outcomes the prisoners dilemma is a classic example in game theory that illustrates the tension between individual and collective rationality game theory is applied in economics political science biology and other fields"
            ]
        },
        {
            "tag": "programminglanguages",
            "patterns": [
                "tell me about programming languages",
                "what are some popular programming languages",
                "how do programming languages work"
            ],
            "responses": [
                "programming languages are formal languages used to write computer programs there are numerous programming languages each with its syntax features and areas of application some popular programming languages include python java c javascript and ruby programming languages work by providing a set of instructions that can be understood and executed by computers"
            ]
        },
        {
            "tag": "python",
            "patterns": [
                "tell me about python",
                "what is python used for",
                "why is python popular"
            ],
            "responses": [
                "python is a highlevel interpreted programming language known for its simplicity and readability it is versatile and used for various purposes such as web development data analysis machine learning and automation pythons popularity stems from its extensive libraries large community support and ease of learning"
            ]
        },
        {
            "tag": "java",
            "patterns": [
                "what is java",
                "how is java used",
                "tell me about java programming"
            ],
            "responses": [
                "java is a popular objectoriented programming language used for developing a wide range of applications including web and mobile applications enterprise software and embedded systems java provides a platformindependent runtime environment allowing programs to run on different operating systems java is known for its performance security and extensive libraries"
            ]
        },
        {
            "tag": "webdevelopment",
            "patterns": [
                "tell me about web development",
                "how do websites work",
                "what languages are used in web development"
            ],
            "responses": [
                "web development refers to the creation and maintenance of websites and web applications websites work by utilizing a combination of html hypertext markup language for structure css cascading style sheets for styling and javascript for interactivity other languages and frameworks such as php python ruby and javascript frameworks like react and angular are used for serverside programming and enhancing website functionality"
            ]
        },
        {
            "tag": "dataanalysis",
            "patterns": [
                "what is data analysis",
                "how is data analyzed",
                "tell me about data visualization"
            ],
            "responses": [
                "data analysis involves examining cleaning transforming and modeling data to discover meaningful patterns draw conclusions and support decisionmaking data is analyzed using statistical techniques data mining algorithms and machine learning methods data visualization is a key component of data analysis that uses charts graphs and other visual representations to present data in a meaningful and understandable way"
            ]
        },
        {
            "tag": "versioncontrol",
            "patterns": [
                "what is version control",
                "how does version control work",
                "tell me about git and github"
            ],
            "responses": [
                "version control is a system that tracks and manages changes to files over time it allows multiple people to collaborate on a project tracks revisions and provides a mechanism to revert to previous versions if needed git is a popular distributed version control system that enables efficient collaboration and code management github is a webbased hosting service for git repositories providing additional features for code sharing and collaboration"
            ]
        },
        {
            "tag": "mobileappdevelopment",
            "patterns": [
                "tell me about mobile app development",
                "how are mobile apps created",
                "what languages are used in mobile app development"
            ],
            "responses": [
                "mobile app development involves creating applications for mobile devices like smartphones and tablets mobile apps can be developed for different platforms such as ios using languages like swift or objectivec or android using java or kotlin crossplatform frameworks like react native and flutter allow developers to write code once and deploy it on multiple platforms"
            ]
        },
        {
            "tag": "machinelearning",
            "patterns": [
                "what is machine learning",
                "how does machine learning work",
                "tell me about supervised and unsupervised learning"
            ],
            "responses": [
                "machine learning is a field of artificial intelligence that focuses on creating algorithms and models that can learn from data and make predictions or decisions machine learning works by training models on labeled data and using them to make predictions on new unseen data supervised learning involves training models with labeled examples while unsupervised learning finds patterns and relationships in unlabeled data"
            ]
        },
        {
            "tag": "cybersecurity",
            "patterns": [
                "tell me about cybersecurity",
                "how does cybersecurity work",
                "what are common cybersecurity threats"
            ],
            "responses": [
                "cybersecurity refers to the protection of computer systems and networks from unauthorized access data breaches and other threats it involves implementing security measures such as firewalls encryption and access controls common cybersecurity threats include malware phishing ransomware and social engineering attacks cybersecurity professionals work to identify vulnerabilities and develop strategies to prevent and respond to cyber threats"
            ]
        },
        {
            "tag": "scientificdiscoveries",
            "patterns": [
                "tell me about recent scientific discoveries",
                "what are some notable scientific breakthroughs",
                "any new advancements in science"
            ],
            "responses": [
                "there have been several exciting scientific discoveries in recent years such as the discovery of gravitational waves the development of geneediting technology like crispr and advancements in quantum computing"
            ]
        },
        {
            "tag": "spaceexploration",
            "patterns": [
                "whats happening in space exploration",
                "tell me about recent space missions",
                "any updates on space discoveries"
            ],
            "responses": [
                "space exploration continues to expand our understanding of the universe recent missions include the exploration of mars by rovers like perseverance the study of exoplanets and the launch of the james webb space telescope"
            ]
        },
        {
            "tag": "climatechange",
            "patterns": [
                "what is climate change",
                "how is climate change affecting the planet",
                "tell me about global warming"
            ],
            "responses": [
                "climate change refers to longterm changes in temperature precipitation wind patterns and other aspects of the earths climate system it is primarily caused by human activities resulting in global warming rising sea levels and adverse effects on ecosystems"
            ]
        },
        {
            "tag": "genetics",
            "patterns": [
                "tell me about genetics",
                "what is dna",
                "how does genetic inheritance work"
            ],
            "responses": [
                "genetics is the study of genes heredity and the variation of organisms dna deoxyribonucleic acid is a molecule that carries genetic instructions for the development functioning and reproduction of all known living organisms genetic inheritance involves the passing of traits from parents to offspring through genes"
            ]
        },
        {
            "tag": "artificialintelligence",
            "patterns": [
                "what is artificial intelligence ai",
                "how does ai work",
                "tell me about machine learning"
            ],
            "responses": [
                "artificial intelligence refers to the development of computer systems that can perform tasks that typically require human intelligence such as speech recognition decisionmaking and problemsolving machine learning is a subset of ai that focuses on enabling computers to learn from data and improve their performance without being explicitly programmed"
            ]
        },
        {
            "tag": "quantumphysics",
            "patterns": [
                "what is quantum physics",
                "tell me about quantum mechanics",
                "what are quantum computers"
            ],
            "responses": [
                "quantum physics is a branch of physics that explores the behavior of matter and energy at the smallest scales it describes phenomena that classical physics cannot explain quantum mechanics is the mathematical framework that underlies quantum physics quantum computers are devices that leverage quantum mechanical phenomena to perform computations that are beyond the capabilities of classical computers"
            ]
        },
        {
            "tag": "neuroscience",
            "patterns": [
                "tell me about neuroscience",
                "how does the brain work",
                "what are neurons"
            ],
            "responses": [
                "neuroscience is the scientific study of the nervous system including the brain spinal cord and peripheral nerves it seeks to understand how the brain and nervous system function how they control behavior and how they are influenced by external factors neurons are specialized cells that transmit information through electrical and chemical signals in the brain and nervous system"
            ]
        },
        {
            "tag": "particlephysics",
            "patterns": [
                "what is particle physics",
                "tell me about subatomic particles",
                "what is the standard model"
            ],
            "responses": [
                "particle physics is a branch of physics that studies the fundamental particles and forces that make up the universe it aims to understand the nature of matter energy and the interactions between particles subatomic particles are the building blocks of matter and include particles like protons neutrons electrons and quarks the standard model is a theoretical framework that describes the known elementary particles and their interactions"
            ]
        },
        {
            "tag": "biotechnology",
            "patterns": [
                "what is biotechnology",
                "tell me about genetic engineering",
                "how is biotechnology used in medicine"
            ],
            "responses": [
                "biotechnology involves the use of living organisms or their products to create or modify products or processes for specific purposes genetic engineering is a branch of biotechnology that involves manipulating an organisms dna to introduce new traits or modify existing ones biotechnology is used in medicine for applications like developing new drugs gene therapy and producing vaccines"
            ]
        },
        {
            "tag": "robotics",
            "patterns": [
                "what is robotics",
                "tell me about robot technology",
                "how are robots used in industry"
            ],
            "responses": [
                "robotics is a field that deals with the design construction and operation of robots robots are mechanical devices programmed to perform tasks autonomously or with human guidance they are used in various industries such as manufacturing healthcare agriculture and exploration to increase efficiency automate processes and perform tasks that are dangerous or impractical for humans"
            ]
        },
        {
            "tag": "jokes",
            "patterns": [
                "tell me a joke",
                "do you know any jokes",
                "i need a good laugh"
            ],
            "responses": [
                "sure heres one why dont scientists trust atoms because they make up everything",
                "why dont skeletons fight each other they dont have the guts",
                "how do you organize a space party you planet",
                "why did the bicycle fall over because it was twotired",
                "why did the tomato turn red because it saw the salad dressing",
                "why dont eggs tell jokes because they might crack up",
                "why dont oysters donate to charity because they are shellfish",
                "what do you call fake spaghetti an impasta",
                "why did the scarecrow win an award because he was outstanding in his field",
                "i asked the librarian if she had any books on paranoia she whispered theyre right behind you"
            ]
        },
        {
            "tag": "knockknock",
            "patterns": [
                "knock knock",
                "whos there",
                "tell me a knockknock joke"
            ],
            "responses": [
                "knock knock whos there lettuce lettuce who lettuce in its cold out here",
                "knock knock whos there boo boo who dont cry its just a joke",
                "knock knock whos there olive olive who olive you and i miss you",
                "knock knock whos there atch atch who bless you",
                "knock knock whos there lettuce lettuce who lettuce have some fun",
                "knock knock whos there harry harry who harry up and answer the door",
                "knock knock whos there cow says cow says who no silly cow says mooo",
                "knock knock whos there justin justin who just in time for some jokes"
            ]
        },
        {
            "tag": "test",
            "patterns": [
                "test",
                "testing",
                "test message",
                "test pattern"
            ],
            "responses": [
                "this is a test response",
                "testing testing 1 2 3"
            ]
        },
        {
            "tag": "puns",
            "patterns": [
                "tell me a pun",
                "do you have any puns",
                "i love puns"
            ],
            "responses": [
                "sure heres one im reading a book about antigravity its impossible to put down",
                "i used to be a baker but i couldnt make enough dough",
                "im friends with 25 letters of the alphabet i dont know why",
                "im reading a book on the history of glue i just cant seem to put it down",
                "i was struggling to figure out how lightning works but then it struck me",
                "did you hear about the mathematician whos afraid of negative numbers hell stop at nothing to avoid them",
                "why did the scarecrow win an award because he was outstanding in his field",
                "im reading a book about mazes i got lost in the introduction",
                "why dont scientists trust atoms because they make up everything",
                "why did the bicycle fall over because it was twotired"
            ]
        },
        {
            "tag": "funnyresponses",
            "patterns": [
                "youre funny",
                "you make me laugh",
                "tell me something funny"
            ],
            "responses": [
                "im glad i could bring a smile to your face",
                "laughter is the best medicine they say im here to provide the dosage",
                "im just a computer program but im programmed to tell jokes and make people laugh",
                "humor is subjective but ill do my best to keep the laughter flowing",
                "im here to entertain and bring joy lets keep the good vibes going",
                "im like a standup comedian except without the physical presence glad i could amuse you"
            ]
        }
    ]
}